UserID,Age,Gender,Subscription Type,WatchHoursPerWeek,DevicesUsed,FavoriteGenre,AdClicks,MonthlySpend,Subscription Renewed
1,24,Female,Premium,11,4,Thriller,39,607,Yes
2,59,Female,Premium,27,4,Action,30,522,Yes
3,32,Male,Basic,35,4,Documentary,36,313,Yes
4,37,Male,Basic,40,4,Sci-Fi,42,214,Yes
5,61,Female,Basic,24,3,Documentary,41,227,Yes
6,52,Female,Basic,39,1,Drama,16,221,Yes
7,57,Male,Premium,6,5,Thriller,19,562,Yes
8,33,Male,Basic,5,3,Thriller,5,278,Yes
9,47,Female,Premium,22,5,Comedy,13,443,Yes
10,25,Male,Basic,32,1,Romance,50,326,Yes
11,45,Male,Premium,12,3,Thriller,19,696,No
12,32,Female,Premium,34,1,Thriller,0,425,Yes
13,37,Female,Basic,36,1,Comedy,19,291,Yes
14,44,Female,Premium,7,1,Thriller,41,716,Yes
15,30,Male,Premium,21,3,Romance,44,681,No
16,19,Male,Premium,14,5,Drama,9,708,Yes
17,37,Male,Basic,14,2,Comedy,44,299,Yes
18,65,Male,Basic,36,4,Drama,10,274,Yes
19,26,Female,Basic,28,3,Drama,22,364,Yes
20,25,Female,Premium,13,2,Drama,23,487,No
21,60,Male,Basic,18,5,Horror,31,288,Yes
22,23,Male,Premium,2,4,Action,29,571,Yes
23,28,Male,Premium,29,1,Action,26,548,Yes
24,33,Female,VIP,23,4,Action,7,1156,No
25,45,Male,Basic,40,5,Sci-Fi,46,281,No
26,20,Female,Basic,7,5,Documentary,22,280,Yes
27,58,Male,Premium,23,4,Romance,37,443,Yes
28,18,Female,Basic,25,3,Action,2,256,Yes
29,50,Female,Basic,20,5,Sci-Fi,40,254,Yes
30,37,Female,Premium,27,2,Sci-Fi,42,549,Yes
31,44,Female,Premium,35,2,Romance,46,657,No
32,46,Female,Basic,30,3,Comedy,26,322,Yes
33,19,Male,Basic,14,5,Romance,0,228,Yes
34,45,Female,Basic,11,1,Horror,5,336,No
35,29,Female,Premium,9,3,Drama,18,493,No
36,55,Female,Basic,38,5,Comedy,25,215,Yes
37,42,Male,VIP,11,5,Sci-Fi,16,860,No
38,52,Female,Basic,36,4,Drama,8,381,Yes
39,22,Male,Premium,15,1,Action,7,509,Yes
40,49,Male,Basic,10,1,Action,31,238,Yes
41,27,Female,VIP,26,3,Sci-Fi,29,1493,No
42,65,Male,Premium,20,5,Thriller,19,458,Yes
43,35,Male,Basic,25,3,Romance,15,323,Yes
44,46,Male,Basic,20,2,Comedy,26,331,No
45,38,Female,VIP,26,4,Action,5,1162,Yes
46,43,Female,Basic,31,2,Sci-Fi,9,286,Yes
47,32,Male,VIP,4,2,Thriller,9,1269,Yes
48,62,Male,Basic,7,3,Thriller,36,222,Yes
49,57,Female,Premium,2,5,Drama,35,455,Yes
50,52,Male,Basic,6,5,Drama,18,211,No
51,45,Female,Basic,29,3,Sci-Fi,44,394,No
52,36,Female,VIP,32,2,Action,38,1326,Yes
53,52,Female,Basic,10,5,Thriller,2,301,No
54,20,Female,VIP,29,4,Documentary,16,1211,Yes
55,23,Male,Premium,19,1,Action,35,579,No
56,39,Female,Basic,34,5,Sci-Fi,41,265,Yes
57,54,Male,Premium,24,5,Romance,36,714,No
58,23,Male,VIP,9,4,Comedy,49,1168,Yes
59,18,Male,Basic,32,5,Horror,8,200,No
60,36,Male,Basic,21,2,Horror,33,258,No
61,49,Female,Basic,32,4,Documentary,6,325,Yes
62,40,Male,Basic,12,2,Sci-Fi,47,389,No
63,52,Female,Basic,40,3,Horror,37,212,No
64,59,Male,VIP,28,1,Horror,22,1440,No
65,42,Female,Premium,39,5,Thriller,28,512,No
66,42,Female,Basic,37,3,Romance,31,230,Yes
67,60,Female,Basic,28,2,Comedy,37,243,Yes
68,36,Male,Basic,11,3,Horror,9,312,Yes
69,19,Male,Basic,21,2,Comedy,15,365,Yes
70,37,Male,Premium,4,4,Drama,50,444,Yes
71,18,Female,Premium,24,4,Action,23,454,Yes
72,57,Female,Basic,2,2,Comedy,14,208,No
73,36,Female,VIP,2,2,Romance,24,1424,No
74,62,Female,Premium,24,4,Sci-Fi,33,475,Yes
75,53,Male,Basic,8,4,Documentary,16,293,Yes
76,51,Female,Basic,18,5,Documentary,4,397,Yes
77,27,Male,Basic,10,4,Romance,37,336,No
78,51,Female,Basic,23,3,Horror,11,203,Yes
79,22,Male,Basic,26,1,Comedy,12,363,Yes
80,25,Female,Basic,19,3,Sci-Fi,50,328,Yes
81,20,Female,Premium,24,4,Romance,24,759,Yes
82,18,Male,Basic,13,4,Sci-Fi,13,209,Yes
83,59,Male,Basic,21,1,Action,47,277,Yes
84,36,Female,Basic,35,1,Documentary,16,338,No
85,41,Male,Basic,31,5,Sci-Fi,39,318,Yes
86,51,Male,VIP,31,4,Romance,3,862,Yes
87,35,Female,Basic,40,5,Action,16,306,Yes
88,57,Male,VIP,11,5,Romance,14,1360,Yes
89,24,Male,VIP,5,3,Documentary,33,841,Yes
90,52,Female,Basic,37,3,Romance,25,302,Yes
91,57,Female,VIP,39,2,Drama,13,1418,Yes
92,65,Male,VIP,27,3,Horror,46,1370,Yes
93,20,Female,VIP,25,1,Action,13,1394,No
94,42,Male,Premium,13,5,Drama,18,725,No
95,24,Female,VIP,4,5,Horror,45,915,Yes
96,46,Male,Basic,5,1,Thriller,0,273,Yes
97,51,Female,Basic,3,4,Horror,40,271,No
98,59,Female,Premium,9,5,Thriller,14,436,Yes
99,64,Male,Basic,19,3,Thriller,37,304,No
100,23,Female,Basic,12,4,Sci-Fi,35,356,Yes
101,30,Male,VIP,13,3,Drama,37,1444,Yes
102,56,Male,Basic,11,2,Horror,17,364,No
103,43,Female,Premium,18,1,Action,20,644,No
104,49,Male,Basic,18,3,Sci-Fi,24,308,Yes
105,46,Female,Basic,14,3,Drama,22,215,No
106,54,Female,Premium,25,1,Romance,14,717,Yes
107,46,Male,Premium,25,4,Horror,25,616,Yes
108,58,Female,Premium,10,4,Action,5,793,Yes
109,44,Male,Basic,10,5,Comedy,7,229,Yes
110,24,Male,Premium,6,5,Action,28,700,Yes
111,23,Male,Premium,21,4,Comedy,35,775,Yes
112,44,Male,Basic,6,1,Action,18,225,Yes
113,22,Female,Basic,2,4,Thriller,1,248,No
114,25,Male,Premium,3,4,Sci-Fi,2,413,No
115,57,Female,VIP,22,3,Documentary,36,1091,Yes
116,20,Female,Basic,17,2,Drama,44,314,Yes
117,24,Female,Basic,7,2,Thriller,22,337,Yes
118,53,Female,Basic,16,4,Action,46,217,Yes
119,36,Female,Basic,31,4,Documentary,28,262,Yes
120,18,Female,Basic,38,3,Sci-Fi,4,220,No
121,29,Female,Basic,25,1,Romance,33,319,No
122,64,Female,Basic,2,2,Thriller,43,341,Yes
123,29,Male,Premium,9,3,Drama,44,697,No
124,49,Female,Premium,14,2,Horror,8,575,Yes
125,23,Male,Premium,20,1,Action,12,666,Yes
126,46,Male,VIP,30,5,Romance,18,1343,Yes
127,19,Female,Basic,25,1,Horror,8,293,Yes
128,22,Female,Basic,11,2,Drama,21,226,No
129,30,Female,Premium,34,2,Comedy,21,453,No
130,64,Male,Premium,11,1,Documentary,12,446,No
131,44,Male,Basic,26,2,Thriller,48,205,No
132,33,Male,Basic,3,5,Drama,21,202,Yes
133,21,Male,VIP,13,3,Drama,40,1168,No
134,46,Female,Basic,8,2,Action,36,383,Yes
135,39,Female,Basic,19,1,Thriller,12,345,Yes
136,58,Female,Basic,11,2,Comedy,0,366,No
137,31,Male,Basic,4,2,Thriller,45,319,Yes
138,49,Male,Premium,2,1,Drama,22,724,No
139,49,Male,Basic,38,1,Documentary,11,264,Yes
140,45,Male,Basic,17,3,Documentary,22,291,No
141,64,Male,Premium,35,1,Documentary,24,760,No
142,42,Female,Basic,9,4,Comedy,46,233,No
143,60,Female,VIP,33,3,Action,45,1271,Yes
144,61,Female,Basic,18,5,Drama,10,260,Yes
145,65,Male,Basic,24,3,Comedy,45,254,Yes
146,58,Female,Premium,37,3,Romance,6,472,Yes
147,34,Male,Basic,32,2,Sci-Fi,12,352,No
148,64,Male,Premium,2,1,Action,2,486,Yes
149,24,Female,Basic,24,5,Romance,19,290,Yes
150,43,Female,Basic,24,1,Horror,34,274,Yes
151,21,Female,Basic,39,5,Action,16,206,Yes
152,62,Female,Premium,4,3,Drama,3,680,Yes
153,23,Male,VIP,13,5,Drama,12,1457,Yes
154,38,Male,Premium,9,5,Thriller,1,747,No
155,21,Female,Basic,40,1,Thriller,16,371,Yes
156,20,Female,Basic,25,4,Comedy,48,345,No
157,33,Male,Basic,28,4,Comedy,33,398,Yes
158,50,Female,Premium,27,2,Documentary,31,476,No
159,62,Female,Basic,2,4,Documentary,26,356,No
160,55,Female,Premium,29,2,Drama,9,778,Yes
161,47,Male,Premium,11,4,Romance,3,725,No
162,49,Female,Basic,21,5,Horror,7,284,No
163,27,Male,Basic,11,4,Action,49,260,Yes
164,20,Female,Premium,14,2,Comedy,29,736,No
165,54,Female,Basic,34,2,Drama,24,364,No
166,23,Female,Basic,10,4,Drama,35,378,No
167,30,Female,Premium,30,1,Action,32,744,Yes
168,53,Female,VIP,33,5,Thriller,45,1449,Yes
169,55,Female,Basic,34,2,Comedy,6,376,Yes
170,37,Male,Premium,7,5,Romance,22,750,Yes
171,60,Male,Basic,6,3,Comedy,18,393,No
172,62,Male,Basic,16,2,Drama,49,270,No
173,49,Female,Premium,28,5,Sci-Fi,0,620,Yes
174,39,Female,VIP,32,2,Thriller,33,1437,No
175,58,Male,VIP,5,4,Comedy,1,1038,Yes
176,32,Female,Basic,26,2,Drama,24,328,Yes
177,26,Female,Basic,14,2,Action,19,306,No
178,63,Female,Basic,8,2,Action,4,285,No
179,61,Male,Premium,17,3,Action,18,744,Yes
180,59,Female,Basic,39,1,Horror,46,283,Yes
181,37,Male,Premium,34,5,Documentary,14,498,Yes
182,56,Female,VIP,20,5,Sci-Fi,8,875,Yes
183,61,Female,VIP,22,2,Horror,48,1302,Yes
184,63,Male,Premium,31,4,Drama,49,508,Yes
185,57,Female,Premium,40,2,Romance,14,726,No
186,39,Male,Premium,13,4,Thriller,1,764,Yes
187,24,Male,VIP,9,3,Sci-Fi,23,1286,No
188,32,Male,Premium,30,2,Comedy,5,417,No
189,36,Male,Premium,36,1,Horror,41,462,Yes
190,61,Male,Basic,7,4,Comedy,49,382,Yes
191,27,Male,Premium,28,2,Horror,6,717,Yes
192,58,Male,Basic,40,4,Action,22,204,Yes
193,28,Male,Basic,19,5,Horror,17,341,No
194,41,Male,Basic,27,2,Drama,44,226,Yes
195,60,Male,Premium,10,1,Action,34,465,Yes
196,64,Female,Premium,20,2,Sci-Fi,39,567,Yes
197,54,Male,Premium,5,1,Horror,34,702,Yes
198,60,Male,Premium,34,2,Romance,15,430,Yes
199,22,Female,Premium,17,5,Documentary,31,775,Yes
200,48,Female,Basic,3,2,Horror,12,270,Yes
201,65,Female,Basic,12,3,Drama,40,372,Yes
202,64,Male,Premium,21,2,Sci-Fi,31,594,No
203,30,Male,Premium,14,5,Horror,38,683,Yes
204,25,Female,Basic,4,5,Horror,21,275,Yes
205,56,Male,Basic,28,4,Thriller,21,250,Yes
206,30,Male,Basic,32,2,Romance,33,212,No
207,25,Female,VIP,25,5,Thriller,35,1209,Yes
208,46,Female,Basic,15,5,Thriller,44,245,No
209,62,Female,Premium,34,2,Drama,10,524,Yes
210,28,Male,Basic,29,1,Thriller,45,312,No
211,34,Male,Premium,18,2,Drama,0,549,Yes
212,65,Female,Premium,33,3,Comedy,30,782,No
213,50,Female,Premium,29,5,Sci-Fi,42,778,Yes
214,45,Female,VIP,18,1,Thriller,46,901,No
215,26,Female,Premium,5,5,Action,42,795,Yes
216,41,Male,Basic,16,3,Drama,2,369,Yes
217,52,Male,VIP,39,2,Action,39,1103,Yes
218,45,Female,Basic,38,3,Drama,15,303,Yes
219,60,Male,VIP,29,3,Drama,24,1482,Yes
220,42,Female,Basic,16,4,Action,44,216,Yes
221,60,Female,Basic,29,4,Sci-Fi,27,207,Yes
222,65,Male,Basic,8,4,Drama,20,221,No
223,39,Male,Premium,5,4,Comedy,23,736,No
224,40,Male,Basic,2,4,Action,16,260,Yes
225,45,Male,VIP,13,1,Documentary,10,1491,Yes
226,46,Male,Premium,38,5,Romance,48,595,Yes
227,59,Female,VIP,19,4,Sci-Fi,34,1449,Yes
228,18,Female,Basic,3,1,Documentary,33,280,Yes
229,63,Female,Basic,12,3,Drama,26,395,Yes
230,38,Male,Basic,27,5,Comedy,42,277,Yes
231,63,Male,Basic,38,4,Horror,16,234,Yes
232,51,Female,Premium,35,4,Drama,1,763,Yes
233,61,Male,Premium,9,4,Comedy,4,698,Yes
234,50,Female,Basic,26,4,Horror,24,220,No
235,59,Male,Premium,13,4,Action,29,735,No
236,53,Female,Basic,29,2,Drama,6,229,Yes
237,59,Female,Premium,13,5,Thriller,44,524,Yes
238,23,Female,Basic,19,1,Drama,38,336,Yes
239,26,Female,Basic,27,4,Sci-Fi,30,237,Yes
240,30,Female,Premium,37,5,Drama,43,636,Yes
241,24,Female,Basic,24,1,Comedy,37,271,Yes
242,58,Male,VIP,18,1,Romance,0,964,Yes
243,65,Male,Basic,22,4,Horror,27,270,Yes
244,34,Female,Premium,32,1,Romance,10,496,Yes
245,54,Female,Premium,14,3,Thriller,10,681,Yes
246,25,Female,Basic,32,3,Sci-Fi,32,319,Yes
247,30,Female,VIP,9,1,Horror,17,1459,Yes
248,48,Female,Basic,37,1,Thriller,18,233,No
249,41,Male,VIP,35,2,Thriller,5,1052,Yes
250,45,Male,Premium,8,3,Thriller,21,528,No
251,45,Male,Basic,2,4,Drama,9,322,Yes
252,19,Female,Basic,8,2,Sci-Fi,31,256,No
253,40,Male,Basic,18,1,Comedy,19,308,Yes
254,43,Female,Basic,26,2,Documentary,28,269,No
255,27,Female,Premium,40,5,Action,4,522,No
256,37,Male,Premium,12,5,Comedy,36,481,No
257,41,Female,Premium,23,5,Comedy,7,582,No
258,28,Female,Basic,39,1,Horror,3,360,No
259,36,Female,Basic,24,4,Sci-Fi,35,271,Yes
260,58,Male,Premium,9,2,Romance,18,584,No
261,57,Male,Premium,19,5,Thriller,40,535,No
262,53,Male,Premium,19,2,Romance,29,438,Yes
263,27,Male,Basic,14,3,Romance,44,296,Yes
264,24,Male,Basic,14,2,Documentary,47,307,No
265,53,Male,Basic,15,4,Sci-Fi,39,313,Yes
266,27,Female,VIP,4,5,Documentary,25,1426,Yes
267,22,Male,Premium,18,1,Documentary,20,524,Yes
268,64,Male,VIP,12,3,Documentary,23,1230,Yes
269,50,Female,Premium,19,5,Comedy,39,795,Yes
270,37,Male,Basic,39,2,Action,41,202,Yes
271,24,Female,Basic,27,2,Sci-Fi,26,323,No
272,35,Female,Premium,32,4,Horror,8,761,Yes
273,43,Male,Premium,12,4,Documentary,46,515,Yes
274,59,Female,Premium,30,4,Documentary,27,665,Yes
275,32,Female,Basic,16,5,Thriller,26,352,Yes
276,22,Male,VIP,9,4,Action,42,977,Yes
277,19,Female,Premium,34,3,Comedy,28,445,Yes
278,62,Female,Premium,6,5,Sci-Fi,27,690,Yes
279,50,Male,Premium,25,3,Documentary,20,781,Yes
280,56,Male,Basic,5,2,Horror,16,337,Yes
281,38,Male,Premium,33,5,Sci-Fi,29,487,No
282,45,Male,Basic,25,3,Romance,48,267,Yes
283,43,Male,Premium,32,5,Drama,42,481,Yes
284,21,Male,Premium,4,3,Thriller,2,700,Yes
285,45,Female,Basic,19,5,Action,14,289,No
286,50,Female,Basic,11,2,Action,46,271,No
287,29,Male,Premium,19,5,Horror,4,414,Yes
288,37,Male,VIP,36,4,Sci-Fi,36,1288,No
289,61,Female,Basic,16,3,Drama,37,284,No
290,21,Female,Premium,20,5,Action,25,429,Yes
291,24,Male,Premium,7,2,Thriller,36,718,Yes
292,19,Female,Premium,6,3,Documentary,4,590,No
293,20,Male,VIP,6,1,Sci-Fi,41,1285,No
294,24,Female,Premium,3,5,Drama,4,732,Yes
295,64,Male,Basic,36,3,Comedy,30,239,No
296,54,Female,Premium,3,5,Sci-Fi,12,521,Yes
297,23,Female,VIP,33,2,Sci-Fi,47,1182,No
298,50,Female,Basic,6,3,Comedy,0,363,Yes
299,60,Female,Premium,6,1,Action,18,714,No
300,22,Male,Basic,12,5,Thriller,26,285,No
301,52,Male,Premium,23,2,Action,26,595,Yes
302,61,Female,VIP,21,1,Action,16,1319,Yes
303,53,Female,Basic,14,1,Drama,50,292,No
304,61,Male,Basic,3,4,Documentary,2,280,No
305,65,Male,VIP,3,1,Thriller,8,1188,Yes
306,22,Male,Basic,27,3,Action,12,254,Yes
307,51,Female,Premium,5,3,Drama,18,503,Yes
308,51,Female,Basic,29,3,Drama,45,333,Yes
309,34,Male,VIP,32,1,Drama,19,1219,Yes
310,25,Male,Premium,5,5,Horror,37,698,No
311,30,Female,Basic,31,5,Sci-Fi,29,319,No
312,18,Male,VIP,29,2,Sci-Fi,34,1340,Yes
313,42,Female,Basic,3,5,Comedy,47,365,No
314,64,Female,Premium,14,4,Horror,16,751,No
315,45,Male,Basic,24,2,Action,1,371,Yes
316,48,Female,Basic,37,5,Thriller,28,273,No
317,20,Male,Basic,39,4,Drama,44,372,Yes
318,37,Female,Basic,16,4,Drama,11,396,Yes
319,52,Female,Basic,33,1,Sci-Fi,39,336,Yes
320,52,Male,Premium,37,3,Action,21,660,Yes
321,47,Female,Basic,14,1,Sci-Fi,31,269,Yes
322,35,Female,Premium,6,3,Thriller,13,625,No
323,19,Female,Basic,17,5,Action,4,295,Yes
324,45,Female,VIP,7,4,Romance,45,1364,Yes
325,36,Male,Premium,28,4,Sci-Fi,5,603,Yes
326,63,Male,Premium,23,1,Sci-Fi,15,451,Yes
327,19,Male,Premium,4,5,Comedy,32,498,Yes
328,44,Male,Premium,16,4,Romance,29,463,Yes
329,28,Female,VIP,13,1,Documentary,2,1239,Yes
330,63,Male,Premium,22,2,Action,7,428,Yes
331,50,Female,Basic,6,1,Thriller,26,327,Yes
332,30,Female,Basic,12,4,Comedy,34,334,Yes
333,55,Female,Basic,8,4,Comedy,34,249,No
334,37,Female,VIP,4,1,Drama,37,982,Yes
335,53,Male,Premium,5,1,Action,44,742,No
336,41,Female,Basic,12,3,Drama,19,225,Yes
337,57,Male,VIP,28,2,Drama,30,1162,Yes
338,30,Female,VIP,13,4,Romance,35,1310,Yes
339,20,Female,Basic,4,2,Sci-Fi,37,302,No
340,35,Female,Premium,9,4,Action,25,536,No
341,28,Male,Basic,19,2,Comedy,13,370,Yes
342,64,Female,Premium,15,1,Sci-Fi,37,682,No
343,53,Female,VIP,13,4,Romance,24,1294,Yes
344,54,Male,Premium,33,4,Comedy,41,529,Yes
345,58,Male,Premium,9,3,Thriller,7,440,No
346,25,Male,Basic,7,4,Action,21,310,No
347,37,Male,VIP,31,5,Sci-Fi,39,1315,Yes
348,39,Female,Basic,14,2,Action,21,239,Yes
349,24,Male,Premium,12,2,Action,16,738,Yes
350,20,Male,Basic,24,3,Action,50,387,Yes
351,56,Male,Basic,4,1,Sci-Fi,13,207,No
352,40,Female,Basic,36,1,Action,32,378,Yes
353,65,Male,Basic,21,5,Thriller,31,348,Yes
354,32,Male,Basic,7,2,Action,49,243,Yes
355,60,Female,Basic,16,1,Documentary,50,241,Yes
356,19,Female,Premium,40,2,Romance,22,715,Yes
357,20,Female,Basic,4,1,Action,37,283,Yes
358,55,Male,Basic,16,2,Horror,2,340,No
359,19,Female,Basic,11,4,Documentary,2,310,Yes
360,65,Female,Basic,30,2,Sci-Fi,38,250,Yes
361,61,Male,Premium,27,5,Romance,16,719,Yes
362,61,Female,Premium,27,3,Documentary,3,443,Yes
363,55,Male,Premium,10,1,Sci-Fi,30,643,No
364,50,Male,Premium,37,4,Romance,2,576,Yes
365,65,Male,Premium,35,5,Thriller,43,631,No
366,23,Female,Basic,24,2,Drama,11,332,Yes
367,36,Female,Basic,26,2,Horror,10,287,Yes
368,25,Female,Premium,5,1,Documentary,32,495,Yes
369,60,Female,Premium,33,2,Romance,23,683,Yes
370,36,Female,Premium,33,1,Drama,35,758,Yes
371,28,Male,VIP,25,3,Sci-Fi,47,1138,Yes
372,22,Female,VIP,11,2,Horror,45,1113,No
373,49,Female,Premium,34,3,Action,35,624,Yes
374,42,Female,Basic,19,3,Documentary,8,360,Yes
375,46,Male,Basic,32,1,Action,10,212,No
376,38,Male,Premium,16,2,Thriller,25,464,No
377,32,Male,VIP,10,5,Documentary,39,1389,No
378,24,Male,VIP,15,5,Romance,46,1117,Yes
379,20,Female,Basic,2,2,Drama,44,230,No
380,32,Female,Premium,4,4,Horror,5,529,No
381,60,Male,Premium,8,2,Action,2,645,Yes
382,38,Male,Basic,11,5,Drama,36,266,Yes
383,26,Female,VIP,25,4,Documentary,1,1017,Yes
384,62,Female,Basic,8,1,Drama,20,357,Yes
385,23,Female,Basic,20,3,Documentary,1,279,No
386,57,Male,Basic,38,4,Horror,22,245,Yes
387,54,Female,Premium,21,4,Horror,9,560,Yes
388,29,Male,Basic,29,2,Thriller,19,254,No
389,40,Male,Basic,4,5,Action,25,304,Yes
390,38,Male,Basic,22,2,Comedy,14,309,No
391,60,Male,VIP,40,1,Romance,23,1392,Yes
392,53,Female,Premium,15,1,Drama,35,727,No
393,64,Female,Premium,22,4,Drama,18,616,No
394,48,Female,Basic,7,5,Documentary,44,266,Yes
395,35,Female,VIP,25,3,Sci-Fi,10,1131,Yes
396,45,Male,Basic,38,5,Documentary,0,377,Yes
397,22,Male,Premium,18,2,Sci-Fi,33,403,Yes
398,55,Female,Premium,7,2,Thriller,35,401,No
399,47,Female,Basic,21,5,Thriller,39,372,Yes
400,28,Female,Basic,35,4,Drama,21,384,No
401,53,Female,Premium,40,4,Documentary,20,628,Yes
402,19,Female,Basic,16,2,Action,7,225,Yes
403,20,Male,VIP,22,4,Documentary,39,1080,Yes
404,29,Female,Basic,16,5,Documentary,49,328,Yes
405,32,Female,Basic,30,3,Action,34,380,Yes
406,37,Female,Basic,31,5,Drama,49,373,Yes
407,51,Male,Premium,26,2,Thriller,35,635,No
408,23,Male,VIP,20,5,Sci-Fi,18,1219,Yes
409,63,Female,Premium,18,5,Thriller,34,401,Yes
410,31,Male,Premium,14,2,Action,35,590,Yes
411,49,Male,VIP,25,3,Action,31,1371,No
412,41,Female,Basic,35,4,Romance,5,253,Yes
413,41,Female,Basic,9,1,Romance,1,273,No
414,65,Male,Basic,19,4,Sci-Fi,50,310,No
415,44,Male,Basic,28,5,Romance,46,326,Yes
416,24,Female,Premium,21,1,Comedy,27,563,Yes
417,65,Female,Basic,14,2,Sci-Fi,9,385,No
418,44,Female,Basic,37,2,Romance,6,201,Yes
419,39,Male,Premium,11,5,Action,35,614,No
420,32,Female,Premium,39,3,Documentary,19,756,Yes
421,30,Female,Basic,11,5,Sci-Fi,7,282,Yes
422,19,Female,Premium,16,1,Thriller,11,733,No
423,54,Male,Basic,31,5,Sci-Fi,34,370,Yes
424,38,Female,Basic,2,3,Action,21,339,Yes
425,65,Male,Basic,6,2,Sci-Fi,8,242,Yes
426,63,Male,Premium,37,3,Thriller,39,719,Yes
427,27,Female,Premium,8,2,Action,30,594,No
428,35,Male,Premium,9,3,Comedy,28,735,No
429,60,Male,Basic,38,4,Documentary,49,199,No
430,62,Female,Premium,27,4,Drama,19,430,Yes
431,41,Male,Premium,2,1,Comedy,37,658,Yes
432,49,Male,Basic,22,4,Drama,1,248,No
433,25,Female,Basic,9,3,Documentary,12,200,Yes
434,36,Female,Premium,40,3,Comedy,38,718,Yes
435,24,Male,VIP,26,1,Action,24,903,No
436,60,Male,Premium,2,3,Horror,22,559,No
437,50,Male,Basic,28,1,Comedy,22,208,Yes
438,45,Male,Basic,14,3,Action,30,233,Yes
439,21,Male,VIP,21,4,Comedy,10,1352,No
440,63,Male,Basic,11,3,Comedy,22,257,Yes
441,50,Female,Premium,38,2,Sci-Fi,7,416,Yes
442,24,Female,Premium,19,1,Drama,46,769,Yes
443,27,Male,VIP,33,5,Sci-Fi,49,1087,Yes
444,55,Male,Premium,36,4,Drama,26,498,No
445,40,Male,Basic,21,3,Documentary,11,309,Yes
446,40,Male,Basic,38,3,Comedy,28,286,No
447,59,Male,Basic,11,1,Sci-Fi,8,269,No
448,50,Female,Basic,29,2,Thriller,40,311,Yes
449,31,Female,Basic,6,5,Action,38,355,Yes
450,38,Female,Basic,18,3,Action,13,377,Yes
451,27,Female,Premium,30,5,Drama,7,574,No
452,64,Female,VIP,22,4,Drama,36,1199,Yes
453,48,Female,Premium,39,4,Comedy,10,667,Yes
454,25,Male,Basic,22,5,Sci-Fi,50,355,Yes
455,40,Male,Premium,39,3,Comedy,18,474,Yes
456,48,Male,Basic,35,1,Sci-Fi,26,306,Yes
457,56,Female,Premium,36,3,Thriller,50,444,No
458,60,Female,Basic,22,4,Documentary,9,330,Yes
459,34,Female,Premium,20,3,Thriller,43,551,No
460,48,Male,Premium,37,3,Action,47,422,Yes
461,57,Male,Basic,2,3,Horror,35,359,Yes
462,52,Male,Premium,29,3,Sci-Fi,14,777,Yes
463,64,Female,Basic,39,4,Thriller,30,318,Yes
464,25,Female,Basic,17,3,Documentary,24,258,Yes
465,65,Male,Premium,28,2,Horror,19,548,Yes
466,29,Male,Basic,4,3,Sci-Fi,44,360,No
467,22,Male,Premium,39,5,Horror,27,488,No
468,47,Male,Premium,4,3,Horror,4,767,Yes
469,20,Male,VIP,37,3,Action,22,1353,No
470,56,Female,Basic,25,3,Romance,47,250,Yes
471,46,Female,Premium,32,2,Horror,19,663,Yes
472,28,Male,Basic,6,2,Horror,9,241,Yes
473,45,Male,Premium,17,2,Sci-Fi,21,590,Yes
474,30,Female,Basic,26,5,Sci-Fi,8,211,Yes
475,42,Male,Premium,20,1,Action,10,635,No
476,62,Female,Basic,31,1,Romance,25,258,Yes
477,31,Male,VIP,20,5,Comedy,12,1412,Yes
478,58,Male,Premium,4,3,Drama,10,652,Yes
479,24,Female,Premium,38,4,Comedy,50,668,Yes
480,36,Female,Basic,15,3,Thriller,31,200,Yes
481,37,Male,Premium,3,4,Sci-Fi,3,617,Yes
482,59,Female,Basic,34,5,Action,6,340,Yes
483,55,Male,Premium,22,3,Action,50,543,Yes
484,19,Male,Basic,30,4,Comedy,31,264,Yes
485,28,Male,Premium,30,3,Thriller,19,659,Yes
486,38,Female,VIP,15,2,Comedy,2,1263,No
487,48,Female,Premium,19,3,Documentary,9,663,No
488,27,Female,Premium,30,5,Action,5,402,Yes
489,23,Female,Basic,9,1,Comedy,25,271,Yes
490,64,Female,Basic,33,2,Action,33,303,Yes
491,51,Male,Basic,38,2,Documentary,36,216,Yes
492,19,Male,Basic,32,3,Action,2,220,Yes
493,54,Male,Premium,7,5,Sci-Fi,3,683,Yes
494,42,Female,Basic,25,3,Comedy,4,325,Yes
495,54,Female,Basic,12,4,Comedy,28,255,Yes
496,54,Female,Premium,31,4,Drama,27,515,Yes
497,19,Female,Basic,8,3,Documentary,19,323,Yes
498,54,Female,VIP,33,2,Drama,6,969,Yes
499,36,Male,VIP,22,1,Thriller,14,855,Yes
500,21,Male,VIP,6,2,Sci-Fi,28,1424,No
501,52,Female,Basic,23,4,Romance,34,388,Yes
502,57,Male,Basic,6,1,Thriller,14,277,Yes
503,48,Male,Premium,18,1,Sci-Fi,39,646,Yes
504,27,Male,Premium,4,3,Sci-Fi,5,494,Yes
505,53,Female,Premium,40,1,Comedy,22,629,Yes
506,55,Male,VIP,26,2,Thriller,14,890,Yes
507,29,Male,Basic,16,4,Sci-Fi,4,380,Yes
508,56,Male,Premium,36,4,Sci-Fi,14,643,Yes
509,26,Male,Basic,2,1,Action,13,329,No
510,50,Female,Basic,2,4,Thriller,5,319,Yes
511,58,Female,Basic,20,4,Documentary,5,350,Yes
512,37,Male,VIP,40,5,Sci-Fi,1,1305,Yes
513,54,Male,Premium,18,2,Documentary,25,435,No
514,55,Male,Basic,25,2,Comedy,6,303,Yes
515,29,Female,VIP,22,3,Romance,30,1003,Yes
516,18,Female,Basic,27,5,Horror,11,377,Yes
517,61,Female,Premium,3,5,Documentary,8,618,No
518,46,Male,Basic,2,3,Sci-Fi,2,281,Yes
519,40,Male,Basic,38,2,Action,2,233,Yes
520,36,Male,Basic,10,3,Drama,9,296,Yes
521,38,Female,Basic,32,1,Drama,4,208,Yes
522,34,Male,Basic,28,1,Documentary,34,249,Yes
523,48,Female,Premium,23,5,Horror,48,549,Yes
524,54,Male,Basic,5,3,Drama,38,202,No
525,30,Male,Basic,39,5,Drama,39,357,No
526,62,Male,Basic,33,3,Sci-Fi,24,327,Yes
527,63,Male,Premium,30,4,Documentary,25,614,Yes
528,39,Male,Premium,25,4,Comedy,47,491,Yes
529,36,Female,Basic,29,4,Documentary,0,391,Yes
530,41,Male,Premium,34,4,Romance,15,403,No
531,37,Male,VIP,11,1,Drama,12,811,Yes
532,22,Male,VIP,34,5,Documentary,21,1386,Yes
533,58,Male,Basic,22,3,Thriller,18,313,Yes
534,19,Male,Premium,18,1,Action,35,585,No
535,46,Male,Basic,31,1,Romance,41,269,Yes
536,55,Female,VIP,7,4,Action,32,1425,Yes
537,25,Female,Basic,29,3,Action,29,375,Yes
538,25,Female,Premium,9,5,Documentary,13,673,No
539,20,Male,Basic,35,2,Romance,1,222,Yes
540,60,Female,Premium,35,5,Horror,30,760,No
541,23,Female,Premium,20,2,Comedy,36,654,Yes
542,50,Male,Basic,22,2,Thriller,19,346,Yes
543,27,Male,Basic,20,4,Horror,20,236,Yes
544,33,Male,Basic,7,4,Horror,36,360,Yes
545,52,Male,VIP,17,1,Sci-Fi,26,1042,Yes
546,26,Female,Basic,22,4,Comedy,6,228,No
547,38,Male,Basic,35,4,Sci-Fi,38,386,Yes
548,42,Male,VIP,10,3,Comedy,11,911,No
549,45,Female,VIP,26,2,Thriller,37,1213,Yes
550,44,Female,Basic,5,4,Documentary,10,242,No
551,51,Female,Basic,15,4,Drama,41,392,No
552,43,Female,VIP,9,4,Action,50,1029,Yes
553,28,Female,Premium,5,2,Documentary,19,477,Yes
554,47,Female,Basic,30,3,Action,38,346,Yes
555,20,Male,Premium,37,5,Comedy,29,682,Yes
556,46,Female,VIP,2,3,Documentary,28,965,Yes
557,21,Male,Basic,16,5,Documentary,13,334,No
558,40,Male,Basic,30,1,Sci-Fi,5,330,No
559,35,Female,Premium,24,5,Drama,29,697,No
560,64,Female,Basic,5,3,Drama,39,393,No
561,54,Male,Premium,6,5,Comedy,20,754,Yes
562,56,Male,Basic,13,5,Horror,36,220,No
563,19,Male,Basic,14,5,Action,8,290,No
564,62,Female,Basic,30,5,Horror,24,278,Yes
565,36,Male,Basic,37,4,Sci-Fi,9,346,Yes
566,29,Female,VIP,11,1,Documentary,32,1096,Yes
567,44,Male,VIP,24,5,Horror,41,825,Yes
568,26,Male,Premium,25,4,Sci-Fi,22,429,No
569,58,Male,Basic,19,3,Comedy,21,384,No
570,53,Female,Premium,37,2,Documentary,16,441,No
571,33,Female,VIP,18,2,Documentary,22,1332,Yes
572,23,Male,Premium,6,1,Romance,27,411,Yes
573,27,Male,Basic,31,3,Action,33,300,Yes
574,19,Female,Basic,5,5,Comedy,4,392,No
575,45,Male,Premium,18,5,Comedy,33,501,Yes
576,57,Male,Basic,4,2,Romance,50,362,Yes
577,52,Female,Basic,13,3,Action,30,306,No
578,33,Female,Basic,12,2,Action,45,254,Yes
579,58,Female,Premium,33,2,Sci-Fi,46,461,Yes
580,32,Male,Premium,7,1,Comedy,5,428,Yes
581,29,Male,Basic,37,4,Drama,35,245,Yes
582,38,Female,VIP,6,1,Romance,20,1270,Yes
583,39,Female,Premium,22,3,Documentary,48,421,No
584,30,Female,Premium,18,3,Romance,5,799,Yes
585,19,Female,Premium,18,4,Action,7,547,Yes
586,49,Male,Basic,23,1,Thriller,49,293,No
587,31,Female,VIP,2,5,Sci-Fi,43,1396,Yes
588,26,Female,Premium,19,5,Sci-Fi,45,415,Yes
589,38,Female,Basic,19,3,Horror,15,351,No
590,34,Male,Premium,33,2,Comedy,8,687,Yes
591,27,Female,Basic,20,1,Sci-Fi,44,290,No
592,44,Male,Basic,3,5,Romance,40,228,Yes
593,26,Female,Premium,24,2,Horror,37,781,No
594,29,Male,VIP,17,5,Action,9,803,No
595,18,Male,VIP,30,1,Documentary,43,1253,Yes
596,24,Male,Premium,26,3,Documentary,30,699,Yes
597,24,Male,Basic,16,2,Documentary,16,392,No
598,35,Female,Premium,23,5,Drama,19,775,No
599,30,Female,Basic,13,2,Thriller,1,326,No
600,56,Male,VIP,18,1,Documentary,3,1039,Yes
601,23,Male,Basic,29,4,Thriller,20,394,Yes
602,34,Female,Basic,9,3,Action,12,214,No
603,36,Male,Premium,11,4,Horror,9,757,No
604,53,Female,Premium,8,5,Thriller,8,797,No
605,35,Male,Basic,39,4,Horror,37,375,Yes
606,31,Female,VIP,37,4,Drama,43,1267,No
607,53,Female,Premium,11,3,Romance,18,792,No
608,43,Male,VIP,3,3,Action,42,1182,No
609,48,Male,Basic,14,5,Drama,43,367,No
610,61,Female,Basic,9,5,Documentary,13,307,No
611,41,Male,Premium,35,4,Comedy,44,651,Yes
612,35,Female,Premium,21,3,Horror,20,448,Yes
613,31,Male,Basic,17,3,Romance,0,361,Yes
614,31,Male,Basic,2,2,Comedy,50,356,No
615,62,Male,VIP,21,5,Romance,29,1022,Yes
616,45,Female,Premium,19,3,Sci-Fi,25,596,No
617,49,Male,Basic,20,5,Documentary,28,329,Yes
618,60,Female,Basic,16,5,Romance,36,307,Yes
619,28,Male,Premium,16,1,Action,30,576,No
620,64,Female,Basic,22,2,Horror,10,333,No
621,65,Female,Premium,5,3,Comedy,50,794,No
622,28,Male,VIP,14,2,Documentary,31,1171,Yes
623,53,Male,Basic,33,1,Action,38,273,Yes
624,65,Female,Basic,28,5,Horror,4,296,Yes
625,49,Male,Premium,21,1,Documentary,15,759,Yes
626,42,Male,Premium,8,3,Thriller,15,536,Yes
627,30,Male,Basic,12,2,Documentary,40,397,Yes
628,30,Female,Basic,39,3,Sci-Fi,8,385,Yes
629,27,Male,Basic,12,1,Drama,48,278,Yes
630,63,Male,Basic,21,4,Thriller,11,281,Yes
631,54,Male,VIP,22,1,Comedy,40,1398,Yes
632,25,Male,Basic,15,3,Sci-Fi,7,262,Yes
633,63,Male,Basic,31,3,Sci-Fi,16,329,No
634,30,Female,Basic,23,1,Horror,7,374,No
635,41,Male,Basic,14,2,Action,14,305,Yes
636,58,Female,Premium,38,5,Thriller,39,597,Yes
637,44,Female,Premium,25,3,Thriller,3,523,Yes
638,37,Male,Basic,8,1,Romance,20,298,No
639,43,Male,Premium,25,4,Comedy,49,679,Yes
640,49,Female,Basic,29,3,Thriller,0,362,Yes
641,28,Male,VIP,32,3,Documentary,41,906,Yes
642,47,Male,Premium,31,2,Thriller,29,790,No
643,30,Female,Basic,8,4,Horror,8,375,No
644,41,Female,VIP,21,5,Comedy,8,991,Yes
645,21,Male,VIP,22,3,Comedy,15,1161,Yes
646,55,Female,Basic,20,2,Documentary,14,301,Yes
647,59,Female,Premium,32,4,Action,29,411,Yes
648,37,Male,VIP,30,3,Drama,38,1027,Yes
649,18,Female,Basic,32,4,Documentary,6,229,Yes
650,43,Male,Premium,30,4,Documentary,45,554,Yes
651,28,Male,Basic,26,5,Thriller,8,346,Yes
652,65,Male,Premium,4,2,Sci-Fi,15,729,Yes
653,51,Female,Basic,39,5,Documentary,2,324,Yes
654,21,Female,Basic,5,3,Horror,29,246,No
655,46,Female,Basic,4,1,Drama,17,333,Yes
656,55,Female,Basic,12,3,Action,45,212,Yes
657,23,Female,VIP,26,3,Romance,25,817,Yes
658,27,Male,Basic,37,3,Romance,5,215,Yes
659,39,Female,Premium,22,1,Sci-Fi,28,729,Yes
660,37,Male,VIP,7,3,Horror,0,1214,Yes
661,25,Male,Premium,27,4,Comedy,49,625,Yes
662,64,Male,Basic,11,4,Thriller,20,251,No
663,52,Male,Basic,9,2,Horror,44,393,Yes
664,58,Female,Premium,20,5,Documentary,48,459,Yes
665,63,Female,Premium,4,4,Comedy,27,460,Yes
666,45,Male,Premium,10,2,Documentary,18,740,No
667,21,Female,Premium,19,5,Action,15,778,Yes
668,28,Male,Basic,15,4,Action,6,318,Yes
669,30,Female,Basic,33,2,Romance,34,244,Yes
670,22,Female,Basic,30,2,Drama,33,274,Yes
671,21,Male,Basic,16,4,Romance,27,249,No
672,31,Female,Basic,38,5,Drama,37,297,No
673,49,Male,VIP,9,1,Romance,38,916,Yes
674,39,Female,VIP,15,3,Action,49,1037,Yes
675,61,Male,VIP,12,3,Drama,46,819,Yes
676,51,Male,Premium,18,2,Romance,35,585,Yes
677,27,Male,Premium,21,1,Horror,41,639,Yes
678,34,Male,VIP,7,2,Action,12,1349,Yes
679,29,Male,Basic,35,2,Drama,6,288,Yes
680,49,Female,VIP,35,3,Documentary,10,929,Yes
681,48,Male,Premium,25,5,Drama,40,461,Yes
682,20,Male,Premium,16,3,Thriller,33,455,No
683,57,Male,Premium,3,5,Documentary,11,483,No
684,30,Male,Premium,31,2,Thriller,34,769,Yes
685,37,Male,Basic,6,2,Drama,39,384,Yes
686,32,Male,Basic,13,1,Thriller,30,254,No
687,62,Male,Basic,36,5,Thriller,26,200,Yes
688,52,Female,Premium,37,2,Romance,2,487,Yes
689,58,Female,VIP,33,5,Sci-Fi,48,911,Yes
690,56,Male,Basic,9,4,Horror,35,307,No
691,65,Male,Basic,30,2,Horror,42,225,Yes
692,36,Female,Premium,18,2,Action,35,475,No
693,26,Female,Basic,40,2,Action,9,292,Yes
694,39,Male,Basic,33,3,Horror,29,234,Yes
695,58,Female,Premium,36,1,Comedy,20,464,No
696,44,Female,Basic,16,5,Sci-Fi,21,312,Yes
697,64,Male,Basic,6,2,Romance,46,321,No
698,48,Female,Premium,5,4,Thriller,34,563,No
699,60,Female,Premium,18,4,Documentary,42,746,Yes
700,35,Female,Premium,14,4,Thriller,28,490,No
701,31,Female,Basic,7,1,Thriller,38,210,Yes
702,43,Male,Basic,2,1,Thriller,46,300,No
703,22,Male,VIP,6,5,Thriller,31,1375,Yes
704,26,Male,Premium,15,2,Documentary,19,595,No
705,46,Female,Basic,25,3,Comedy,4,233,Yes
706,38,Female,Basic,6,1,Sci-Fi,41,381,Yes
707,57,Male,Basic,32,4,Action,40,222,No
708,22,Male,Premium,36,2,Thriller,48,542,No
709,47,Male,Basic,7,4,Documentary,47,311,No
710,49,Male,Basic,20,3,Horror,10,337,No
711,54,Male,Basic,9,2,Drama,15,211,Yes
712,65,Female,Premium,22,1,Documentary,24,578,Yes
713,55,Male,VIP,6,4,Documentary,26,1194,Yes
714,48,Female,Premium,22,4,Romance,11,613,Yes
715,32,Male,Basic,23,1,Thriller,23,313,Yes
716,61,Male,Premium,24,2,Documentary,32,483,No
717,59,Male,Basic,31,1,Horror,46,381,Yes
718,60,Male,Premium,28,4,Drama,44,761,No
719,65,Female,Basic,33,5,Drama,44,273,Yes
720,54,Male,Premium,33,4,Drama,26,606,Yes
721,56,Male,Premium,40,3,Documentary,24,650,No
722,28,Male,Basic,26,5,Documentary,43,213,Yes
723,62,Female,VIP,23,4,Thriller,31,1337,Yes
724,62,Female,Premium,15,3,Action,43,752,No
725,18,Male,Premium,27,3,Action,28,556,No
726,35,Male,Premium,22,1,Sci-Fi,39,739,No
727,44,Male,Premium,4,5,Thriller,37,647,No
728,28,Male,Premium,26,3,Horror,44,708,Yes
729,41,Male,VIP,25,1,Sci-Fi,43,1460,Yes
730,22,Male,Basic,33,3,Documentary,45,276,Yes
731,35,Female,Basic,32,5,Romance,22,332,Yes
732,53,Female,VIP,6,5,Sci-Fi,46,1228,Yes
733,46,Male,VIP,39,3,Horror,40,1492,Yes
734,31,Male,Basic,24,2,Thriller,27,284,Yes
735,63,Female,VIP,18,3,Comedy,26,1334,Yes
736,29,Female,Basic,4,1,Horror,19,250,Yes
737,24,Female,Basic,33,2,Sci-Fi,24,325,Yes
738,55,Female,Basic,13,2,Horror,3,251,Yes
739,45,Female,Premium,17,4,Romance,4,534,Yes
740,35,Male,Basic,32,2,Romance,35,268,Yes
741,55,Female,Basic,39,5,Comedy,4,261,Yes
742,42,Female,Basic,15,4,Documentary,34,285,No
743,56,Male,Basic,22,5,Action,21,222,Yes
744,56,Male,Premium,16,4,Romance,12,555,Yes
745,31,Male,VIP,16,5,Comedy,21,1298,Yes
746,64,Female,Premium,13,2,Action,0,413,No
747,58,Male,Premium,28,3,Sci-Fi,13,477,Yes
748,30,Male,VIP,4,5,Documentary,18,1017,Yes
749,51,Male,Basic,22,3,Sci-Fi,14,349,No
750,62,Male,Premium,17,2,Documentary,7,483,Yes
